\c ezbook

insert into books values('1416950419', 630104, 'Inner Circle', 'Young Adult, Mystery', 'Kate Brian, Julian Peploe',  2007, 50, 4.03);
insert into books values('1595542329', 9487, 'A Time to Embrace', 'Christian Fiction, Christian', 'Karen Kingsbury',  2006, 50, 4.35);
insert into books values('765354950', 39030, 'Reliquary', 'Thriller, Mystery', 'Douglas Preston, Lincoln Child',  1997, 50, 4.01);
insert into books values('671015206', 998, 'The Millionaire Next Door: The Surprising Secrets of Americas Wealthy', 'Economics-Finance, Nonfiction ', 'Thomas J. Stanley, William D. Danko',  1995, 50, 4.04);
insert into books values('99468034', 311164 , 'Black Sheep', 'Romance, Historical-Historical Fiction', 'Georgette Heyer',  1966, 50, 4.05);
insert into books values('1565124138', 377993, 'Joe', 'Fiction, American-Southern', 'Larry Brown',  1980, 50, 4.18);
insert into books values('525444459', 821003, 'When We Were Very Young', 'Poetry, Childrens', 'A.A. Milne, Ernest H. Shepard',  1924, 50, 4.3);
insert into books values('451466802', 24876258, 'The Aeronauts Windlass', 'Fantasy, Science Fiction-Steampunk ', 'Jim Butcher',  2015, 50, 4.17);
insert into books values('743454154', 80631, 'Blood Memory', 'Mystery,Fiction ', 'Greg Iles',  2005, 50, 4.13);
insert into books values('375756485', 81048, 'Spilling Open: The Art of Becoming Yourself', 'Art, Nonfiction', 'Sabrina Ward Harrison',  2000, 50, 4.03);
insert into books values('345432401', 22028, 'Omerta', 'Fiction, Mystery-Crime', 'Mario Puzo',  1999, 50, 3.71);
insert into books values('812511751', 176892, 'The Elvenbane', 'Fantasy, Fantasy-Dragons', 'Andre Norton, Mercedes Lackey',  1991, 50,3.95);
insert into books values('451822196', 550844, 'Cycle of the Werewolf', 'Horror, Fiction ', 'Stephen King, Bernie Wrightson',  1983, 50, 3.65);

insert into PublicationHouse values(630104, 'Simon  Schuster Books for Young Readers');
insert into PublicationHouse values(9487, 'Thomas Nelson');
insert into PublicationHouse values(39030, 'Tor Books');
insert into PublicationHouse values(998, 'Gallery Books');
insert into PublicationHouse values(311164, 'Arrow');
insert into PublicationHouse values(377993, 'Algonquin Books');
insert into PublicationHouse values(821003, 'E.P. Dutton');
insert into PublicationHouse values(24876258, 'Roc');
insert into PublicationHouse values(80631, 'Pocket Star');
insert into PublicationHouse values(81048, 'Villard Books');
insert into PublicationHouse values(22028, 'Ballantine Books');
insert into PublicationHouse values(176892, 'Tor Books');
insert into PublicationHouse values(550844, 'Signet Books');

insert into Produces values('1416950419', 'Simon  Schuster Books for Young Readers')
insert into Produces values('1595542329','Thomas Nelson');
insert into Produces values('765354950', 'Tor Books');
insert into Produces values('671015206','Gallery Books');
insert into Produces values('99468034',  'Arrow');
insert into Produces values('1565124138', 'Algonquin Books');
insert into Produces values('525444459',  'E.P. Dutton');
insert into Produces values('451466802', 'Roc');
insert into Produces values('743454154',  'Pocket Star');
insert into Produces values('375756485',  'Villard Books' );
insert into Produces values('345432401',  'Ballantine Books');
insert into Produces values('812511751', 'Tor Books');
insert into Produces values('451822196', 'Signet Books');