\c ezbook

insert into books values('1416950419', '630104', 'Inner Circle', 'Young Adult, Mystery', 'Kate Brian, Julian Peploe',  2007, 50, 4.03);
insert into books values('1595542329', '9487', 'A Time to Embrace', 'Christian Fiction, Christian', 'Karen Kingsbury',  2006, 50, 4.35);
insert into books values('765354950', '39030', 'Reliquary', 'Thriller, Mystery', 'Douglas Preston, Lincoln Child',  1997, 50, 4.01);
insert into books values('671015206', '998', 'The Millionaire Next Door: The Surprising Secrets of Americas Wealthy', 'Economics-Finance, Nonfiction ', 'Thomas J. Stanley, William D. Danko',  1995, 50, 4.04);
insert into books values('99468034', '311164' , 'Black Sheep', 'Romance, Historical-Historical Fiction', 'Georgette Heyer',  1966, 50, 4.05);
insert into books values('1565124138', '377993', 'Joe', 'Fiction, American-Southern', 'Larry Brown',  1980, 50, 4.18);
insert into books values('525444459', '821003', 'When We Were Very Young', 'Poetry, Childrens', 'A.A. Milne, Ernest H. Shepard',  1924, 50, 4.3);
insert into books values('451466802', '24876258', 'The Aeronauts Windlass', 'Fantasy, Science Fiction-Steampunk ', 'Jim Butcher',  2015, 50, 4.17);
insert into books values('743454154', '80631', 'Blood Memory', 'Mystery,Fiction ', 'Greg Iles',  2005, 50, 4.13);
insert into books values('375756485', '81048', 'Spilling Open: The Art of Becoming Yourself', 'Art, Nonfiction', 'Sabrina Ward Harrison',  2000, 50, 4.03);
insert into books values('345432401', '22028', 'Omerta', 'Fiction, Mystery-Crime', 'Mario Puzo',  1999, 50, 3.71);
insert into books values('812511751', '176892', 'The Elvenbane', 'Fantasy, Fantasy-Dragons', 'Andre Norton, Mercedes Lackey',  1991, 50,3.95);
insert into books values('451822196', '550844', 'Cycle of the Werewolf', 'Horror, Fiction ', 'Stephen King, Bernie Wrightson',  1983, 50, 3.65);

insert into PublicationHouse values('630104', 'Simon  Schuster Books for Young Readers','1416950419');
insert into PublicationHouse values('9487', 'Thomas Nelson','1595542329');
insert into PublicationHouse values('39030', 'Tor Books','765354950');
insert into PublicationHouse values('998', 'Gallery Books','671015206');
insert into PublicationHouse values('311164', 'Arrow', '99468034');
insert into PublicationHouse values('377993', 'Algonquin Books', '1565124138');
insert into PublicationHouse values('821003', 'E.P. Dutton','525444459');
insert into PublicationHouse values('24876258', 'Roc','451466802' );
insert into PublicationHouse values('80631', 'Pocket Star', '743454154');
insert into PublicationHouse values('81048', 'Villard Books','375756485' );
insert into PublicationHouse values('22028', 'Ballantine Books','345432401');
insert into PublicationHouse values('176892', 'Tor Books','812511751');
insert into PublicationHouse values('550844', 'Signet Books','451822196');

insert into Produces values('630104','1416950419');
insert into Produces values('9487','1595542329');
insert into Produces values('39030','765354950');
insert into Produces values('998','671015206');
insert into Produces values('311164','99468034');
insert into Produces values('377993','1565124138');
insert into Produces values('821003','525444459');
insert into Produces values('24876258','451466802');
insert into Produces values('80631','743454154');
insert into Produces values('81048','375756485');
insert into Produces values('22028','345432401');
insert into Produces values('176892','812511751');
insert into Produces values('550844','451822196');

insert into Customer values(1,'Alice','1234567890','alice@gmail.com');
insert into Customer values(2,'Bob','3219092309','bob@gmail.com');
insert into Customer values(3,'Chris','8923920139','chris@gmail.com');
insert into Customer values(4,'Denise','2983981019','densie@gmail.com');
insert into Customer values(5,'Evan','1387109892','evan@gmail.com');
insert into Customer values(6,'Franny','3170831912','franny@gmail.com');
insert into Customer values(7,'Henry','1378289383','henry@gmail.com');
insert into Customer values(8,'Gina','9873171893','gina@gmail.com');
insert into Customer values(9,'Ivan','8398430911','ivan@gmail.com');
insert into Customer values(10,'Jane','2383090139','jane@gmail.com');
insert into Customer values(11,'Kenny','6892713310','kenny@gmail.com');

insert into RequestForBooks values(201,'Awkward Black Girl',1);
insert into RequestForBooks values(202,'A Ferry of Bones & Gold',8);
insert into RequestForBooks values(203,'Adultolescence',4);
insert into RequestForBooks values(204,'Nightmares!',6);
insert into RequestForBooks values(205,'Falling into Place',2);
insert into RequestForBooks values(206,'Blood of My Blood',9);
insert into RequestForBooks values(207,'Warped',7);
insert into RequestForBooks values(208,'Antony',10);
insert into RequestForBooks values(209,'Evil Librarian',7);
insert into RequestForBooks values(210,'Spirits Key',5);

insert into Buys values(1,'1416950419',300); 
insert into Buys values(1,'1595542329',302); 
insert into Buys values(1,'345432401',303); 
insert into Buys values(2,'451822196',304); 
insert into Buys values(2,'525444459',305); 
insert into Buys values(3,'345432401',306); 
insert into Buys values(3,'1416950419',307);
insert into Buys values(3,'1595542329',308); 
insert into Buys values(3,'525444459',309); 
insert into Buys values(4,'1416950419',301);

insert into CustomerFeedback values(1,'Good book','1416950419');
insert into CustomerFeedback values(1,'Fun read','1595542329');
insert into CustomerFeedback values(1,'Interesting','345432401');
insert into CustomerFeedback values(2,'Unique','451822196');
insert into CustomerFeedback values(2,'Exciting','525444459');
insert into CustomerFeedback values(3,'Good book','345432401');
insert into CustomerFeedback values(3,'Amusing','1416950419');
insert into CustomerFeedback values(3,'Mediocre','1595542329');
insert into CustomerFeedback values(3,'Fun read','525444459');
insert into CustomerFeedback values(4,'Best book','1416950419');

insert into Cart values(1,101,'630104',3); 
insert into Cart values(1,110,'9487',2); 
insert into Cart values(2,102,'550844',1 ); 
insert into Cart values(2,104,'821003',2); 
insert into Cart values(3,106, '22028',1); 
insert into Cart values(1,107, '22028',1); 
insert into Cart values(3,103,'630104',2); 
insert into Cart values(3,108,'9487',1); 
insert into Cart values(3,109,'821003',1); 
insert into Cart values(4,105,'630104',2); 

insert into Bills values(400,101,'2020-2-10',1879.0,'Cash');
insert into Bills values(401,110,'2020-2-10',1139.0,'Cash');
insert into Bills values(402,102,'2020-2-18',578.0,'Card');
insert into Bills values(403,104,'2020-2-18',1279.0,'Card');
insert into Bills values(404,106,'2020-2-18',779.0,'Card');
insert into Bills values(405,107,'2020-2-20',999.0,'NetBank');
insert into Bills values(406,103,'2020-2-20',1879.0,'NetBank');
insert into Bills values(407,108,'2020-2-20',1119.0,'NetBank');
insert into Bills values(408,109,'2020-3-1',899.0,'Card');
insert into Bills values(409,105,'2020-3-5',1579.0,'UPI');

insert into BestSellers values(400,300);
insert into BestSellers values(401,302);
insert into BestSellers values(402,304);
insert into BestSellers values(403,305);
insert into BestSellers values(404,306);
insert into BestSellers values(405,303);
insert into BestSellers values(406,307);
insert into BestSellers values(407,308);
insert into BestSellers values(408,309);
insert into BestSellers values(409,301);

insert into CountBooks values(400,'1416950419');
insert into CountBooks values(401,'1595542329');
insert into CountBooks values(402,'451822196');
insert into CountBooks values(403,'525444459');
insert into CountBooks values(404,'345432401');
insert into CountBooks values(405,'345432401');
insert into CountBooks values(406,'1416950419');
insert into CountBooks values(407,'1416950419');
insert into CountBooks values(408,'525444459');
insert into CountBooks values(409,'1416950419');
